module,count
numpy,477
matplotlib.pyplot,378
pandas,259
sklearn.metrics,205
sklearn.model_selection,166
seaborn,124
keras.layers,113
os,95
sklearn.linear_model,95
sklearn,93
matplotlib,91
sklearn.preprocessing,91
sklearn.ensemble,59
time,57
IPython.display,52
math,47
sys,47
scipy,45
keras.models,44
tensorflow,43
sklearn.cluster,42
datetime,42
sklearn.decomposition,40
random,40
warnings,37
collections,36
scipy.stats,34
sklearn.tree,34
keras,33
sklearn.svm,29
itertools,27
sklearn.neighbors,25
PIL,25
torch,25
tensorflow.keras.layers,24
glob,22
re,21
torchvision,21
__future__,20
pylab,20
sklearn.datasets,19
keras.layers.core,19
xgboost,18
ipywidgets,18
pickle,18
cv2,18
keras.optimizers,17
scipy.misc,16
sklearn.cross_validation,15
sklearn.manifold,15
abupy,15
sklearn.pipeline,14
keras.callbacks,14
bokeh.plotting,14
google.colab,13
keras.utils,13
tqdm,13
scipy.optimize,13
json,12
scipy.spatial.distance,11
keras.layers.convolutional,11
mpl_toolkits.mplot3d,11
utils,11
sklearn.naive_bayes,11
csv,11
plotly.offline,11
reg_utils,11
scipy.cluster.hierarchy,10
torch.nn,10
hzy,10
sklearn.feature_selection,10
matplotlib.patches,10
sklearn.base,10
matplotlib.colors,10
hyperopt,10
networkx,9
matplotlib.ticker,9
tensorflow.keras,9
helper,9
skimage,9
sklearn.feature_extraction.text,9
keras.preprocessing.image,9
heapq,9
requests,8
pandas.tools.plotting,8
joblib,8
torch.nn.functional,8
pydotplus,8
folium,8
segmentation,8
matplotlib.cm,7
sklearn.utils,7
bs4,7
plotly.graph_objs,7
copy,7
statsmodels.api,7
eptooling,7
nltk,6
matplotlib.pylab,6
shutil,6
urllib.request,6
pathlib,6
bokeh.io,6
cs231n.gradient_check,6
yolo3.model,6
scipy.io,6
sklearn.discriminant_analysis,6
functions,6
numpy.random,5
functools,5
astropy,5
astropy.cosmology,5
matplotlib.mlab,5
io,5
scipy.spatial,5
subprocess,5
torch.utils.data.sampler,5
scipy.ndimage,5
torch.utils.data,5
gc,5
pycotools3,5
scipy.interpolate,5
cs231n.fast_layers,5
matplotlib.image,5
timeit,5
plotly.express,5
my_model_selectors,5
tensorflow.keras.models,5
pyart,5
viz,5
autograd,5
scipy.sparse,4
tensorflow.examples.tutorials.mnist,4
keras.preprocessing.text,4
keras.datasets,4
zipfile,4
keras.regularizers,4
operator,4
pprint,4
torchvision.transforms,4
mrcnn,4
mrcnn.model,4
torch.optim,4
RS,4
graphviz,4
geopy.geocoders,4
IPython,4
cs231n.data_utils,4
cs231n.layer_utils,4
matplotlib.animation,4
nltk.corpus,4
starkit.base.operations.spectrograph,4
specutils,4
product_segmentation_functions,4
submission,4
imblearn.over_sampling,4
scipy.linalg,3
sklearn.grid_search,3
keras.preprocessing,3
catboost,3
plotly_express,3
shap,3
matplotlib.dates,3
keras.preprocessing.sequence,3
matplotlib.gridspec,3
statsmodels.tsa.stattools,3
MP,3
imageio,3
logging,3
h5py,3
pyspark,3
tempfile,3
lightgbm,3
cs231n.solver,3
plotly.tools,3
numpy.linalg,3
six.moves,3
ggplot,3
sklearn.neural_network,3
gym,3
torchvision.models,3
colorsys,3
dotenv,3
multiprocessing,3
astropy.modeling,3
starkit,3
mpl_toolkits,3
asl_utils,3
skimage.color,3
nipype.interfaces.spm,3
scipy.fftpack,3
scipy.signal,3
netCDF4,3
my_functions,3
librosa,3
data_handling,3
autograd.numpy,3
cs231n.image_utils,3
sklearn.kernel_ridge,2
keras.activations,2
keras.layers.pooling,2
pydrive.auth,2
pydrive.drive,2
oauth2client.client,2
importlib,2
contextlib,2
autosklearn.classification,2
hdbscan,2
helpers,2
analytics,2
matplotlib.font_manager,2
torchvision.datasets,2
matplotlib.style,2
distutils.version,2
moviepy.editor,2
pdb,2
pydot,2
caffe,2
visuals,2
statsmodels.graphics.tsaplots,2
statsmodels.tools.eval_measures,2
pyspark.sql,2
SuchTree,2
pymc3,2
fastai.callbacks,2
featexp,2
bokeh.models,2
arrow,2
cs231n.layers,2
pandas.plotting,2
mlxtend.frequent_patterns,2
gzip,2
data_helper,2
plotly.graph_objects,2
erudition.learning.helpers.plots.plotly_render,2
sklearn.externals,2
nltk.stem.porter,2
yolo3.utils,2
imutils,2
keras.utils.vis_utils,2
geopandas,2
shapely.geometry,2
mg_si,2
statsmodels.tools,2
statsmodels.regression.linear_model,2
starkit.fitkit.likelihoods,2
starkit.fitkit.multinest.base,2
starkit.base.operations.stellar,2
scipy.stats.stats,2
udacityplots,2
vgg16,2
os.path,2
nipype.interfaces.utility,2
nipype.interfaces.io,2
nipype.pipeline.engine,2
string,2
cs231n.classifiers.fc_net,2
statistics,2
keras.applications.vgg16,2
keras.backend,2
cleverhans.attacks,2
jieba.analyse,2
osgeo,2
salvus_flow.simple_config,2
tensorflow.keras.callbacks,2
tarfile,2
control.matlab,2
xgboost.sklearn,2
pydda,2
ncmaps,2
eptooling.bm,2
epquant.engine,2
src.make_plots,2
scipy.integrate,2
NyulNormalizer,2
Common,2
geopy.distance,2
sympy,2
wordcloud,2
librosa.display,2
scipy.io.wavfile,2
sklearn.externals.six,2
keras.layers.advanced_activations,2
numpy_pack,2
import_modules,2
bokeh.layouts,2
tf_agents.environments,2
tf_agents.environments.wrappers,2
matplotlib.lines,2
lista,2
sklearn.ensemble.partial_dependence,2
keras.layers.recurrent,2
sklearn.multiclass,1
sklearn.learning_curve,1
igraph,1
networkx.utils,1
networkx.algorithms.community.community_utils,1
keras.wrappers.scikit_learn,1
torch.utils.model_zoo,1
visJS2jupyter.visJS_module,1
IPython.core.interactiveshell,1
pyfits,1
astropy.time,1
astropy.stats,1
vehicle_model_DDPG2,1
cell_model,1
driver_MDP,1
jellyfish.graphs,1
cProfile,1
autosklearn.regression,1
wget,1
sklearn.datasets.samples_generator,1
brewer2mpl,1
yellowbrick.regressor,1
convolution,1
yfinance,1
gensim.models.word2vec,1
gensim.downloader,1
nltk.tokenize,1
mrcnn.visualize,1
nucleus,1
hashlib,1
cf,1
cfplot,1
MP.mat,1
problem_unittests,1
utils.constants,1
tensorflow.python.tools,1
tasks,1
statsmodels.graphics.mosaicplot,1
pandas_ml,1
feedparser,1
pandas.io.json,1
dnn_app_utils_v3,1
matplotlin.pyplot,1
setup_google_colab,1
grading,1
statsmodels.tsa.statespace.sarimax,1
statsmodels.tsa.seasonal,1
pmdarima,1
tensorflow_hub,1
pydub,1
td_utils,1
qiskit,1
qiskit.tools.visualization,1
qiskit.providers.aer,1
IPython.lib.display,1
sgpi.plot,1
sgpi.util,1
sgpi.mnist,1
pysgpp,1
pyprind,1
dendropy,1
arviz,1
fastai.tabular,1
rfpimp,1
feather,1
notebook_utils,1
adjustText,1
sklearn.metrics.pairwise,1
spacy,1
patentdata.corpus,1
urllib2,1
uuid,1
emission.core.get_database,1
emission.storage.timeseries.abstract_timeseries,1
emission.storage.timeseries.timequery,1
public_data,1
cs231n.classifiers.cnn,1
cs231n.vis_utils,1
simpletransformers.classification,1
api_keys,1
citipy,1
holidays,1
tensorflow.contrib,1
six,1
torch.autograd,1
erudition.learning.modules.sklearn.GeneralizedLinearModels.helper,1
tools,1
quandl,1
plotly,1
testCases,1
hvplot.pandas,1
alpaca_trade_api,1
neurons,1
argparse,1
dlib,1
keras.layers.normalization,1
maup,1
shapely.ops,1
shapely,1
scipy.special,1
dill,1
signal,1
matplotlib.path,1
flowers_dataset,1
cub_dataset,1
seaborn.apionly,1
urllib,1
skimage.metrics,1
astropy.io,1
astroquery.vizier,1
starkit.gridkit,1
starkit.fitkit,1
starkit.fix_spectrum1d,1
model_tester_updated,1
matplotlib.backends.backend_pdf,1
multi_order_fitting_functions,1
pandas.api.types,1
asl_data,1
unittest,1
hmmlearn.hmm,1
asl_test_model_selectors,1
my_recognizer,1
asl_test_recognizer,1
scipy.ndimage.interpolation,1
keras.utils.data_utils,1
missingno,1
pyspark.sql.functions,1
pomegranate,1
nipype.algorithms.modelgen,1
nilearn.plotting,1
lvdatatools,1
getpass,1
pdpbox,1
nltk.stem.snowball,1
scipy.sparse.linalg,1
keras.utils.np_utils,1
cleverhans.utils_keras,1
cleverhans.utils,1
jieba,1
WordCloud,1
autoreload,1
ts_cluster,1
gdal,1
psycopg2,1
pyproj,1
geoplot,1
geoplot.crs,1
wfdb,1
ast,1
heartpy,1
toml,1
salvus_flow.api,1
pyasdf,1
salvus_mesh.simple_mesh,1
salvus_toolbox.toolbox,1
salvus_toolbox.toolbox_geotech,1
salvus_flow,1
plotly.plotly,1
structs,1
operations,1
importing,1
entry,1
counter,1
plotting,1
tests,1
matplotlib.collections,1
eli5,1
skimage.io,1
skimage.transform,1
gensim.models.tfidfmodel,1
gensim.models.lsimodel,1
gensim.corpora,1
growing_instability_lib,1
tensorflow.keras.preprocessing.text,1
tensorflow.keras.regularizers,1
confusion_matrix,1
thesis_library,1
six.moves.urllib,1
object_detection.utils,1
kmodes.kmodes,1
fastai,1
fastai.vision,1
mrcnn.config,1
control,1
mglearn,1
platform,1
sklearn.gaussian_process,1
IPython.html,1
numpy.fft,1
fbprophet,1
nst_utils,1
galpy,1
astropy.units,1
folium.plugins,1
geopy.exc,1
errno,1
textwrap,1
multidop,1
pycwr.io.auto_io,1
xarray,1
statsmodels,1
epquant.gen,1
epquant.perf,1
chart_studio.plotly,1
src.prepare_dataframe,1
src.parse_news,1
src.get_data,1
src.compute_income,1
src.load_data,1
pandas_profiling,1
imblearn.pipeline,1
imblearn.under_sampling,1
imblearn.metrics,1
tensorflow.keras.optimizers,1
tensorflow.keras.metrics,1
minisom,1
plotly.figure_factory,1
PIL.Image,1
networks,1
SimpleITK,1
Dropreg,1
scipy.ndimage.filters,1
Image_viewer,1
PreProcessor_Py3,1
traceback,1
dataPath,1
pyedflib,1
stacklineplot,1
pypolar.jones,1
pypolar.visualization,1
cPickle,1
pylibcam,1
script.lib.FeatureProducer,1
matplotlib.tri,1
image,1
scoring,1
ssd.config.defaults,1
ssd.modeling.box_head.prior_box,1
ssd.utils.box_utils,1
madmom,1
wave,1
findspark,1
Eigen_decomp,1
YearPlotter,1
recon_plot,1
neuronunit,1
neuronunit.models.reduced,1
albumentations,1
albumentations.pytorch.transforms,1
efficientnet_pytorch,1
catalyst.data.sampler,1
gym.wrappers,1
tf_agents.environments.atari_preprocessing,1
tf_agents.environments.atari_wrappers,1
tf_agents.environments.tf_py_environment,1
tf_agents.networks.q_network,1
tf_agents.agents.dqn.dqn_agent,1
tf_agents.replay_buffers,1
tf_agents.metrics,1
tf_agents.eval.metric_utils,1
tf_agents.drivers.dynamic_step_driver,1
tf_agents.policies.random_tf_policy,1
tf_agents.trajectories.trajectory,1
tf_agents.utils.common,1
statsmodels.formula.api,1
matplotlib.transforms,1
mpl_toolkits.mplot3d.axes3d,1
site,1
pyLabDSP,1
termcolor,1
notebooks.algorithms.scratch.utils.evaluation,1
cs231n.classifiers.pretrained_cnn,1
cs231n,1
data_clean,1
gpflow,1
gpflow.utilities,1
attention,1
keras.losses,1
strax,1
straxen,1
statsmodels.stats.outliers_influence,1
statsmodels.tsa.arima_model,1
